,lat,lon,t
0,40.418481666666665,-86.90903333333333,2024-03-31 00:08:11
1,40.418485000000004,-86.90903333333333,2024-03-31 00:08:12
2,40.41849333333333,-86.90903333333333,2024-03-31 00:08:13
3,40.418498333333325,-86.90905,2024-03-31 00:08:14
4,40.418501666666664,-86.90905,2024-03-31 00:08:15
5,40.418501666666664,-86.909065,2024-03-31 00:08:16
6,40.418501666666664,-86.90908166666668,2024-03-31 00:08:17
7,40.418501666666664,-86.90909833333332,2024-03-31 00:08:18
8,40.418501666666664,-86.909115,2024-03-31 00:08:19
9,40.418501666666664,-86.90913166666667,2024-03-31 00:08:20
10,40.418501666666664,-86.90914666666667,2024-03-31 00:08:21
11,40.41851333333334,-86.90918000000002,2024-03-31 00:08:23
12,40.41851833333334,-86.90918000000002,2024-03-31 00:08:24
13,40.41852166666667,-86.90919666666665,2024-03-31 00:08:25
14,40.41851,-86.90921166666668,2024-03-31 00:08:26
15,40.418501666666664,-86.90921166666668,2024-03-31 00:08:27
16,40.41849333333333,-86.90921166666668,2024-03-31 00:08:28
17,40.41849333333333,-86.90921166666668,2024-03-31 00:08:29
18,40.418501666666664,-86.90921166666668,2024-03-31 00:08:30
19,40.418501666666664,-86.90919666666665,2024-03-31 00:08:31
20,40.418498333333325,-86.90919666666665,2024-03-31 00:08:32
21,40.418498333333325,-86.90918000000002,2024-03-31 00:08:33
22,40.418501666666664,-86.90918000000002,2024-03-31 00:08:34
23,40.418498333333325,-86.90916333333335,2024-03-31 00:08:35
24,40.418501666666664,-86.90914666666667,2024-03-31 00:08:36
25,40.41851,-86.90914666666667,2024-03-31 00:08:37
26,40.41851833333334,-86.90914666666667,2024-03-31 00:08:38
27,40.41853,-86.90916333333335,2024-03-31 00:08:39
28,40.41853,-86.90918000000002,2024-03-31 00:08:40
29,40.41853833333333,-86.90919666666665,2024-03-31 00:08:41
30,40.41854166666667,-86.90921166666668,2024-03-31 00:08:42
31,40.41853833333333,-86.90922833333335,2024-03-31 00:08:43
32,40.41853833333333,-86.909245,2024-03-31 00:08:44
33,40.41853833333333,-86.90927666666666,2024-03-31 00:08:45
34,40.41853833333333,-86.90929333333332,2024-03-31 00:08:46
35,40.41853833333333,-86.90932666666667,2024-03-31 00:08:47
36,40.41854166666667,-86.90934166666666,2024-03-31 00:08:48
37,40.41853833333333,-86.90935833333333,2024-03-31 00:08:49
38,40.418535,-86.909375,2024-03-31 00:08:50
39,40.41854166666667,-86.90940833333335,2024-03-31 00:08:51
40,40.41854666666667,-86.90942333333334,2024-03-31 00:08:52
41,40.418549999999996,-86.90944,2024-03-31 00:08:53
42,40.41855833333333,-86.90947333333332,2024-03-31 00:08:54
43,40.41856666666666,-86.90948833333331,2024-03-31 00:08:55
44,40.418571666666665,-86.90950499999998,2024-03-31 00:08:56
45,40.418575000000004,-86.90952166666665,2024-03-31 00:08:57
46,40.418575000000004,-86.90953833333333,2024-03-31 00:08:58
47,40.418571666666665,-86.90955333333333,2024-03-31 00:08:59
48,40.41856666666666,-86.90956999999999,2024-03-31 00:09:00
49,40.41856666666666,-86.90960333333332,2024-03-31 00:09:01
50,40.41856333333333,-86.90960333333332,2024-03-31 00:09:02
51,40.41855833333333,-86.90961833333334,2024-03-31 00:09:03
52,40.41856333333333,-86.90963500000001,2024-03-31 00:09:04
53,40.41855833333333,-86.90965166666668,2024-03-31 00:09:05
54,40.41856333333333,-86.90966833333333,2024-03-31 00:09:06
55,40.41856333333333,-86.909685,2024-03-31 00:09:07
56,40.41856333333333,-86.90970000000002,2024-03-31 00:09:08
57,40.41856666666666,-86.90971666666668,2024-03-31 00:09:09
58,40.418571666666665,-86.90973333333335,2024-03-31 00:09:10
59,40.418575000000004,-86.90976500000001,2024-03-31 00:09:11
60,40.418575000000004,-86.90978166666666,2024-03-31 00:09:12
61,40.418575000000004,-86.90979833333333,2024-03-31 00:09:13
62,40.418575000000004,-86.90981500000001,2024-03-31 00:09:14
63,40.418575000000004,-86.90982999999999,2024-03-31 00:09:15
64,40.418578333333336,-86.90984666666667,2024-03-31 00:09:16
65,40.41858333333332,-86.90986333333333,2024-03-31 00:09:17
66,40.41858666666668,-86.90988,2024-03-31 00:09:18
67,40.418594999999996,-86.90989666666668,2024-03-31 00:09:19
68,40.4186,-86.90989666666668,2024-03-31 00:09:20
69,40.41860833333333,-86.90992833333334,2024-03-31 00:09:22
70,40.41861166666667,-86.90994500000001,2024-03-31 00:09:23
71,40.41861166666667,-86.90996166666667,2024-03-31 00:09:24
72,40.41861166666667,-86.90997666666667,2024-03-31 00:09:25
73,40.418614999999996,-86.90999333333333,2024-03-31 00:09:26
74,40.418620000000004,-86.91000999999999,2024-03-31 00:09:27
75,40.41862333333333,-86.91002666666665,2024-03-31 00:09:28
76,40.41862333333333,-86.91004166666669,2024-03-31 00:09:29
77,40.41863166666667,-86.91009166666666,2024-03-31 00:09:30
78,40.41864833333333,-86.91010666666666,2024-03-31 00:09:31
79,40.41864833333333,-86.91013999999998,2024-03-31 00:09:32
80,40.41865166666666,-86.91017333333333,2024-03-31 00:09:33
81,40.41864833333333,-86.91018833333334,2024-03-31 00:09:34
82,40.41864833333333,-86.91022166666669,2024-03-31 00:09:35
83,40.41865166666666,-86.91023833333331,2024-03-31 00:09:36
84,40.418656666666664,-86.91025333333334,2024-03-31 00:09:37
85,40.41867666666667,-86.91028666666669,2024-03-31 00:09:38
86,40.418688333333336,-86.91030333333333,2024-03-31 00:09:39
87,40.41870166666667,-86.91030333333333,2024-03-31 00:09:40
88,40.418710000000004,-86.91031833333332,2024-03-31 00:09:41
89,40.41872166666666,-86.91031833333332,2024-03-31 00:09:42
90,40.41872166666666,-86.91031833333332,2024-03-31 00:09:43
91,40.418725,-86.91033499999999,2024-03-31 00:09:44
92,40.418730000000004,-86.91033499999999,2024-03-31 00:09:45
93,40.418753333333335,-86.91035166666667,2024-03-31 00:09:46
94,40.41876666666667,-86.91036833333334,2024-03-31 00:09:47
95,40.41877833333333,-86.91038333333333,2024-03-31 00:09:48
96,40.41878666666667,-86.9104,2024-03-31 00:09:49
97,40.418815,-86.91041666666666,2024-03-31 00:09:51
98,40.418826666666675,-86.91041666666666,2024-03-31 00:09:52
99,40.418839999999996,-86.91043333333334,2024-03-31 00:09:53
100,40.41884833333333,-86.91043333333334,2024-03-31 00:09:54
101,40.41886,-86.91043333333334,2024-03-31 00:09:55
102,40.41888,-86.91045000000001,2024-03-31 00:09:56
103,40.418888333333335,-86.91045000000001,2024-03-31 00:09:57
104,40.418904999999995,-86.91045000000001,2024-03-31 00:09:58
105,40.41891666666667,-86.910465,2024-03-31 00:09:59
106,40.418924999999994,-86.910465,2024-03-31 00:10:00
107,40.41894166666667,-86.910465,2024-03-31 00:10:01
108,40.41895333333334,-86.910465,2024-03-31 00:10:02
109,40.418965,-86.910465,2024-03-31 00:10:03
110,40.41898666666667,-86.910465,2024-03-31 00:10:04
111,40.418998333333334,-86.91048166666667,2024-03-31 00:10:05
112,40.41901000000001,-86.91048166666667,2024-03-31 00:10:06
113,40.41902666666667,-86.91049833333334,2024-03-31 00:10:07
114,40.41903833333334,-86.91051500000002,2024-03-31 00:10:08
115,40.419055,-86.91049833333334,2024-03-31 00:10:09
116,40.41907166666667,-86.91049833333334,2024-03-31 00:10:10
117,40.41909166666667,-86.91051500000002,2024-03-31 00:10:11
118,40.41910333333334,-86.91051500000002,2024-03-31 00:10:12
119,40.41912,-86.91051500000002,2024-03-31 00:10:13
120,40.41912833333333,-86.91052999999998,2024-03-31 00:10:14
121,40.41914500000001,-86.91052999999998,2024-03-31 00:10:15
122,40.419156666666666,-86.91052999999998,2024-03-31 00:10:16
123,40.419153333333334,-86.91052999999998,2024-03-31 00:10:17
124,40.419136666666674,-86.91051500000002,2024-03-31 00:10:18
125,40.419136666666674,-86.91051500000002,2024-03-31 00:10:19
126,40.41914500000001,-86.91052999999998,2024-03-31 00:10:21
127,40.419156666666666,-86.91056333333331,2024-03-31 00:10:22
128,40.41916499999999,-86.910595,2024-03-31 00:10:23
129,40.41918166666667,-86.91061166666665,2024-03-31 00:10:24
130,40.419198333333334,-86.91064499999999,2024-03-31 00:10:25
131,40.419205,-86.91066000000001,2024-03-31 00:10:26
132,40.41921,-86.91069333333334,2024-03-31 00:10:27
133,40.419230000000006,-86.91066000000001,2024-03-31 00:10:28
134,40.419246666666666,-86.91064499999999,2024-03-31 00:10:29
135,40.419255,-86.91066000000001,2024-03-31 00:10:30
136,40.419258333333325,-86.91067666666667,2024-03-31 00:10:31
137,40.41926333333334,-86.91069333333334,2024-03-31 00:10:32
138,40.41926333333334,-86.91069333333334,2024-03-31 00:10:33
139,40.419258333333325,-86.91072666666666,2024-03-31 00:10:34
140,40.419266666666665,-86.91074166666668,2024-03-31 00:10:36
141,40.419275,-86.91075833333335,2024-03-31 00:10:37
142,40.41928333333333,-86.91077500000002,2024-03-31 00:10:38
143,40.419295000000005,-86.91079166666664,2024-03-31 00:10:39
144,40.41930333333333,-86.91080666666667,2024-03-31 00:10:40
145,40.419320000000006,-86.91084,2024-03-31 00:10:41
146,40.419320000000006,-86.91085666666667,2024-03-31 00:10:42
147,40.41932833333334,-86.91087166666665,2024-03-31 00:10:43
148,40.419336666666666,-86.91088833333333,2024-03-31 00:10:44
149,40.419336666666666,-86.910905,2024-03-31 00:10:45
150,40.41934833333334,-86.91092166666667,2024-03-31 00:10:46
151,40.41934833333334,-86.91095333333332,2024-03-31 00:10:47
152,40.419351666666664,-86.91097,2024-03-31 00:10:48
153,40.41936,-86.91098666666667,2024-03-31 00:10:49
154,40.41937333333333,-86.91100333333334,2024-03-31 00:10:50
155,40.41937666666667,-86.911035,2024-03-31 00:10:51
156,40.41937666666667,-86.91105166666665,2024-03-31 00:10:52
157,40.41937333333333,-86.91108333333335,2024-03-31 00:10:53
158,40.41936833333333,-86.91113333333332,2024-03-31 00:10:54
159,40.41936,-86.91116500000001,2024-03-31 00:10:55
160,40.41934333333334,-86.91119833333333,2024-03-31 00:10:56
161,40.41932833333334,-86.911215,2024-03-31 00:10:57
162,40.419311666666665,-86.91123,2024-03-31 00:10:58
163,40.419295000000005,-86.91123,2024-03-31 00:10:59
164,40.41927833333334,-86.91124666666668,2024-03-31 00:11:00
165,40.419266666666665,-86.91126333333335,2024-03-31 00:11:01
166,40.419246666666666,-86.91126333333335,2024-03-31 00:11:02
167,40.41923500000001,-86.91126333333335,2024-03-31 00:11:03
168,40.41922166666667,-86.91126333333335,2024-03-31 00:11:04
169,40.41921,-86.91126333333335,2024-03-31 00:11:05
170,40.41920166666666,-86.91124666666668,2024-03-31 00:11:06
171,40.41919,-86.91124666666668,2024-03-31 00:11:07
172,40.41918166666667,-86.91124666666668,2024-03-31 00:11:08
173,40.41916833333333,-86.91124666666668,2024-03-31 00:11:09
174,40.419156666666666,-86.91124666666668,2024-03-31 00:11:10
175,40.41914500000001,-86.91124666666668,2024-03-31 00:11:11
176,40.419136666666674,-86.91124666666668,2024-03-31 00:11:12
177,40.419125,-86.91124666666668,2024-03-31 00:11:13
178,40.41910833333333,-86.91123,2024-03-31 00:11:14
179,40.41909166666667,-86.911215,2024-03-31 00:11:15
180,40.41908333333333,-86.91123,2024-03-31 00:11:16
181,40.41908000000001,-86.91123,2024-03-31 00:11:17
182,40.41908000000001,-86.91123,2024-03-31 00:11:18
183,40.41907499999999,-86.91123,2024-03-31 00:11:20
184,40.41907166666667,-86.911215,2024-03-31 00:11:21
185,40.419063333333334,-86.91118166666665,2024-03-31 00:11:22
186,40.419046666666674,-86.91114833333333,2024-03-31 00:11:23
187,40.41903833333334,-86.91109999999998,2024-03-31 00:11:24
188,40.41902333333333,-86.91108333333335,2024-03-31 00:11:25
189,40.418998333333334,-86.91106833333332,2024-03-31 00:11:26
190,40.418978333333335,-86.91101833333333,2024-03-31 00:11:27
191,40.41895333333334,-86.91098666666667,2024-03-31 00:11:28
192,40.41893666666667,-86.91095333333332,2024-03-31 00:11:29
193,40.41891666666667,-86.91092166666667,2024-03-31 00:11:30
194,40.418908333333334,-86.910905,2024-03-31 00:11:31
195,40.418896666666676,-86.910905,2024-03-31 00:11:32
196,40.418885,-86.91088833333333,2024-03-31 00:11:33
197,40.41886,-86.91087166666665,2024-03-31 00:11:35
198,40.418843333333335,-86.91085666666667,2024-03-31 00:11:36
199,40.41883166666666,-86.91085666666667,2024-03-31 00:11:37
200,40.418815,-86.91084,2024-03-31 00:11:38
201,40.41880666666666,-86.91084,2024-03-31 00:11:39
202,40.418795,-86.91082333333333,2024-03-31 00:11:40
203,40.41878333333333,-86.91080666666667,2024-03-31 00:11:41
204,40.41877000000001,-86.91080666666667,2024-03-31 00:11:42
205,40.41875833333334,-86.91079166666664,2024-03-31 00:11:43
206,40.41874666666667,-86.91077500000002,2024-03-31 00:11:44
207,40.41873333333333,-86.91075833333335,2024-03-31 00:11:45
208,40.41872166666666,-86.91075833333335,2024-03-31 00:11:46
209,40.41871333333333,-86.91075833333335,2024-03-31 00:11:47
210,40.418705,-86.91074166666668,2024-03-31 00:11:48
211,40.418656666666664,-86.91072666666666,2024-03-31 00:11:50
212,40.418645000000005,-86.91071,2024-03-31 00:11:51
213,40.418636666666664,-86.91069333333334,2024-03-31 00:11:52
214,40.41863166666667,-86.91067666666667,2024-03-31 00:11:53
215,40.41860833333333,-86.91066000000001,2024-03-31 00:11:54
216,40.418591666666664,-86.91064499999999,2024-03-31 00:11:55
217,40.418591666666664,-86.91062833333332,2024-03-31 00:11:56
218,40.41858333333332,-86.91061166666665,2024-03-31 00:11:57
219,40.418575000000004,-86.91061166666665,2024-03-31 00:11:58
220,40.418575000000004,-86.910595,2024-03-31 00:11:59
221,40.418575000000004,-86.910595,2024-03-31 00:12:00
222,40.418571666666665,-86.91058,2024-03-31 00:12:01
223,40.418571666666665,-86.91054666666665,2024-03-31 00:12:02
224,40.418575000000004,-86.91052999999998,2024-03-31 00:12:03
225,40.418575000000004,-86.91048166666667,2024-03-31 00:12:05
226,40.418575000000004,-86.91045000000001,2024-03-31 00:12:06
227,40.418575000000004,-86.91043333333334,2024-03-31 00:12:07
228,40.418575000000004,-86.91041666666666,2024-03-31 00:12:08
229,40.418575000000004,-86.9104,2024-03-31 00:12:09
230,40.418575000000004,-86.91036833333334,2024-03-31 00:12:10
231,40.418575000000004,-86.91033499999999,2024-03-31 00:12:11
232,40.41856666666666,-86.91031833333332,2024-03-31 00:12:12
233,40.41856666666666,-86.91030333333333,2024-03-31 00:12:13
234,40.41856333333333,-86.91028666666669,2024-03-31 00:12:14
235,40.41853833333333,-86.91028666666669,2024-03-31 00:12:15
236,40.41853,-86.91027000000001,2024-03-31 00:12:16
237,40.41853,-86.91027000000001,2024-03-31 00:12:17
238,40.41853,-86.91025333333334,2024-03-31 00:12:18
239,40.41853,-86.91023833333331,2024-03-31 00:12:20
240,40.41852666666667,-86.91022166666669,2024-03-31 00:12:21
241,40.41852666666667,-86.91020500000002,2024-03-31 00:12:22
242,40.41852166666667,-86.91017333333333,2024-03-31 00:12:23
243,40.41851833333334,-86.91017333333333,2024-03-31 00:12:24
244,40.41851,-86.91015666666667,2024-03-31 00:12:25
245,40.418506666666666,-86.91013999999998,2024-03-31 00:12:26
246,40.41849333333333,-86.91012333333335,2024-03-31 00:12:27
247,40.41849333333333,-86.91010666666666,2024-03-31 00:12:28
248,40.418501666666664,-86.91010666666666,2024-03-31 00:12:29
249,40.41848999999999,-86.91009166666666,2024-03-31 00:12:30
250,40.418481666666665,-86.91005833333331,2024-03-31 00:12:31
251,40.41847666666667,-86.91004166666669,2024-03-31 00:12:32
252,40.418465,-86.91000999999999,2024-03-31 00:12:33
253,40.418481666666665,-86.90999333333333,2024-03-31 00:12:35
254,40.41849333333333,-86.90997666666667,2024-03-31 00:12:36
255,40.418506666666666,-86.90996166666667,2024-03-31 00:12:37
256,40.41852666666667,-86.90994500000001,2024-03-31 00:12:38
257,40.41853833333333,-86.90994500000001,2024-03-31 00:12:39
258,40.41854166666667,-86.90991166666666,2024-03-31 00:12:40
259,40.418549999999996,-86.90988,2024-03-31 00:12:41
260,40.41856333333333,-86.90984666666667,2024-03-31 00:12:42
261,40.418571666666665,-86.90982999999999,2024-03-31 00:12:43
262,40.418578333333336,-86.90981500000001,2024-03-31 00:12:44
263,40.41858666666668,-86.90978166666666,2024-03-31 00:12:45
264,40.418594999999996,-86.90976500000001,2024-03-31 00:12:46
265,40.41860333333334,-86.90974999999997,2024-03-31 00:12:47
266,40.41860333333334,-86.90971666666668,2024-03-31 00:12:48
267,40.41860833333333,-86.90970000000002,2024-03-31 00:12:49
268,40.41861166666667,-86.909685,2024-03-31 00:12:50
269,40.41861166666667,-86.90966833333333,2024-03-31 00:12:51
270,40.418614999999996,-86.90963500000001,2024-03-31 00:12:52
271,40.418620000000004,-86.90961833333334,2024-03-31 00:12:53
272,40.41862833333333,-86.90960333333332,2024-03-31 00:12:54
273,40.418636666666664,-86.90958666666666,2024-03-31 00:12:55
274,40.41863999999999,-86.90958666666666,2024-03-31 00:12:56
275,40.418645000000005,-86.90956999999999,2024-03-31 00:12:57
276,40.41865166666666,-86.90955333333333,2024-03-31 00:12:58
277,40.41866,-86.90953833333333,2024-03-31 00:12:59
278,40.41867666666667,-86.90953833333333,2024-03-31 00:13:00
279,40.41867666666667,-86.90952166666665,2024-03-31 00:13:01
280,40.41867666666667,-86.90950499999998,2024-03-31 00:13:02
281,40.418684999999996,-86.90948833333331,2024-03-31 00:13:03
282,40.418688333333336,-86.90948833333331,2024-03-31 00:13:04
283,40.418688333333336,-86.90947333333332,2024-03-31 00:13:05
284,40.418688333333336,-86.90945666666667,2024-03-31 00:13:06
285,40.41869333333333,-86.90945666666667,2024-03-31 00:13:07
286,40.418688333333336,-86.90944,2024-03-31 00:13:08
287,40.418710000000004,-86.90944,2024-03-31 00:13:09
288,40.41871666666667,-86.90944,2024-03-31 00:13:10
289,40.41873833333334,-86.90944,2024-03-31 00:13:11
290,40.41875833333334,-86.90944,2024-03-31 00:13:12
291,40.418775,-86.90944,2024-03-31 00:13:13
292,40.41878333333333,-86.90944,2024-03-31 00:13:14
293,40.418795,-86.90944,2024-03-31 00:13:15
294,40.41880666666666,-86.90944,2024-03-31 00:13:16
295,40.418823333333336,-86.90944,2024-03-31 00:13:17
296,40.418834999999994,-86.90942333333334,2024-03-31 00:13:18
297,40.41884833333333,-86.90942333333334,2024-03-31 00:13:19
298,40.41886,-86.90940833333335,2024-03-31 00:13:20
299,40.418885,-86.90940833333335,2024-03-31 00:13:21
300,40.418908333333334,-86.90940833333335,2024-03-31 00:13:22
301,40.41893333333333,-86.90940833333335,2024-03-31 00:13:23
302,40.41893333333333,-86.90939166666668,2024-03-31 00:13:24
303,40.418945,-86.90939166666668,2024-03-31 00:13:25
304,40.418965,-86.90939166666668,2024-03-31 00:13:26
305,40.41898166666666,-86.909375,2024-03-31 00:13:27
306,40.418989999999994,-86.909375,2024-03-31 00:13:28
307,40.419014999999995,-86.90935833333333,2024-03-31 00:13:29
308,40.41902666666667,-86.90935833333333,2024-03-31 00:13:30
309,40.41903,-86.90935833333333,2024-03-31 00:13:31
310,40.419055,-86.90935833333333,2024-03-31 00:13:32
311,40.41908833333333,-86.909375,2024-03-31 00:13:33
312,40.41912,-86.909375,2024-03-31 00:13:34
313,40.419136666666674,-86.90935833333333,2024-03-31 00:13:35
314,40.41914,-86.90935833333333,2024-03-31 00:13:36
315,40.41914833333333,-86.90935833333333,2024-03-31 00:13:37
316,40.419153333333334,-86.90934166666666,2024-03-31 00:13:38
317,40.41916499999999,-86.90932666666667,2024-03-31 00:13:39
318,40.419176666666665,-86.90932666666667,2024-03-31 00:13:40
319,40.419185,-86.90931,2024-03-31 00:13:41
320,40.419198333333334,-86.90931,2024-03-31 00:13:42
321,40.41921,-86.90929333333332,2024-03-31 00:13:43
322,40.419230000000006,-86.90927666666666,2024-03-31 00:13:44
323,40.419246666666666,-86.90927666666666,2024-03-31 00:13:45
324,40.419266666666665,-86.90926166666667,2024-03-31 00:13:46
325,40.41928333333333,-86.909245,2024-03-31 00:13:47
326,40.419311666666665,-86.909245,2024-03-31 00:13:49
327,40.41932333333333,-86.90922833333335,2024-03-31 00:13:50
328,40.419336666666666,-86.90922833333335,2024-03-31 00:13:51
329,40.41934833333334,-86.90921166666668,2024-03-31 00:13:52
330,40.41937333333333,-86.90919666666665,2024-03-31 00:13:53
331,40.41939333333333,-86.90918000000002,2024-03-31 00:13:54
332,40.41941333333334,-86.90918000000002,2024-03-31 00:13:55
333,40.41943833333333,-86.90916333333335,2024-03-31 00:13:56
334,40.41945833333333,-86.90916333333335,2024-03-31 00:13:57
335,40.41947833333334,-86.90914666666667,2024-03-31 00:13:58
336,40.41949,-86.90914666666667,2024-03-31 00:13:59
337,40.41950666666666,-86.90913166666667,2024-03-31 00:14:00
338,40.419518333333336,-86.90913166666667,2024-03-31 00:14:01
339,40.41953166666667,-86.909115,2024-03-31 00:14:02
340,40.41955166666666,-86.909115,2024-03-31 00:14:04
341,40.419563333333336,-86.909115,2024-03-31 00:14:05
342,40.41957166666668,-86.90909833333332,2024-03-31 00:14:06
343,40.419579999999996,-86.90908166666668,2024-03-31 00:14:07
344,40.41956833333334,-86.90905,2024-03-31 00:14:08
345,40.41956833333334,-86.90903333333333,2024-03-31 00:14:09
346,40.419560000000004,-86.90900000000002,2024-03-31 00:14:10
347,40.419555,-86.90898499999999,2024-03-31 00:14:11
348,40.41955166666666,-86.90896833333332,2024-03-31 00:14:12
349,40.41954333333333,-86.90895166666665,2024-03-31 00:14:13
350,40.41953166666667,-86.908935,2024-03-31 00:14:14
351,40.41952333333333,-86.90892000000001,2024-03-31 00:14:15
352,40.419518333333336,-86.90890333333334,2024-03-31 00:14:16
353,40.41949833333334,-86.90887,2024-03-31 00:14:17
354,40.41947833333334,-86.90882166666667,2024-03-31 00:14:19
355,40.419470000000004,-86.908805,2024-03-31 00:14:20
356,40.419475000000006,-86.90877333333334,2024-03-31 00:14:21
357,40.41947833333334,-86.90875666666666,2024-03-31 00:14:22
358,40.419486666666664,-86.90874,2024-03-31 00:14:23
359,40.419495,-86.90874,2024-03-31 00:14:24
360,40.41950666666666,-86.90870833333331,2024-03-31 00:14:25
361,40.419515,-86.90870833333331,2024-03-31 00:14:26
362,40.41952666666667,-86.90870833333331,2024-03-31 00:14:27
363,40.41954333333333,-86.90869166666668,2024-03-31 00:14:28
364,40.419560000000004,-86.90869166666668,2024-03-31 00:14:29
365,40.41957166666668,-86.90869166666668,2024-03-31 00:14:30
366,40.41959166666666,-86.90869166666668,2024-03-31 00:14:31
367,40.41960833333333,-86.90867500000002,2024-03-31 00:14:32
368,40.41963333333333,-86.90865833333335,2024-03-31 00:14:34
369,40.41965,-86.90864333333333,2024-03-31 00:14:35
370,40.419664999999995,-86.90864333333333,2024-03-31 00:14:36
371,40.41968666666667,-86.90862666666666,2024-03-31 00:14:37
372,40.41970166666667,-86.90862666666666,2024-03-31 00:14:38
373,40.419715000000004,-86.90861000000001,2024-03-31 00:14:39
374,40.419718333333336,-86.90859333333334,2024-03-31 00:14:40
375,40.41972666666666,-86.90857666666668,2024-03-31 00:14:41
376,40.41973,-86.90857666666668,2024-03-31 00:14:42
377,40.419734999999996,-86.90854499999999,2024-03-31 00:14:43
378,40.41974666666667,-86.90852833333332,2024-03-31 00:14:44
379,40.41975166666667,-86.90851166666667,2024-03-31 00:14:45
380,40.41976333333333,-86.90851166666667,2024-03-31 00:14:46
381,40.419774999999994,-86.90849666666666,2024-03-31 00:14:47
382,40.41979166666666,-86.90847999999998,2024-03-31 00:14:49
383,40.41979166666666,-86.90846333333332,2024-03-31 00:14:50
384,40.4198,-86.90844666666665,2024-03-31 00:14:51
385,40.419811666666675,-86.90843166666666,2024-03-31 00:14:52
386,40.41981666666666,-86.90843166666666,2024-03-31 00:14:53
387,40.419824999999996,-86.908415,2024-03-31 00:14:54
388,40.41983166666667,-86.908415,2024-03-31 00:14:55
389,40.41984833333333,-86.908415,2024-03-31 00:14:56
390,40.419865,-86.908415,2024-03-31 00:14:57
391,40.419873333333335,-86.90839833333334,2024-03-31 00:14:58
392,40.419885,-86.90839833333334,2024-03-31 00:14:59
393,40.41989666666667,-86.90839833333334,2024-03-31 00:15:00
394,40.419913333333334,-86.90838166666667,2024-03-31 00:15:01
395,40.41993,-86.90838166666667,2024-03-31 00:15:02
396,40.419946666666675,-86.90838166666667,2024-03-31 00:15:03
397,40.419963333333335,-86.90836666666668,2024-03-31 00:15:04
398,40.419974999999994,-86.90836666666668,2024-03-31 00:15:05
399,40.41998666666667,-86.90835000000001,2024-03-31 00:15:06
400,40.419999999999995,-86.90835000000001,2024-03-31 00:15:07
401,40.42001166666667,-86.90833333333333,2024-03-31 00:15:08
402,40.420028333333335,-86.90833333333333,2024-03-31 00:15:09
403,40.420048333333334,-86.90831666666666,2024-03-31 00:15:10
404,40.420064999999994,-86.9083,2024-03-31 00:15:11
405,40.420080000000006,-86.9083,2024-03-31 00:15:12
406,40.42009666666667,-86.908285,2024-03-31 00:15:13
407,40.42011666666666,-86.908285,2024-03-31 00:15:14
408,40.420138333333334,-86.90826833333334,2024-03-31 00:15:15
409,40.42015333333333,-86.90826833333334,2024-03-31 00:15:16
410,40.42018666666667,-86.90825166666666,2024-03-31 00:15:18
411,40.42020666666667,-86.90825166666666,2024-03-31 00:15:19
412,40.42022333333333,-86.90823499999999,2024-03-31 00:15:20
413,40.420235000000005,-86.90822,2024-03-31 00:15:21
414,40.420251666666665,-86.90820333333333,2024-03-31 00:15:22
415,40.42026833333333,-86.90820333333333,2024-03-31 00:15:23
416,40.42028333333333,-86.90818666666668,2024-03-31 00:15:24
417,40.42029166666667,-86.90818666666668,2024-03-31 00:15:25
418,40.42030833333333,-86.90817000000001,2024-03-31 00:15:26
419,40.420325,-86.90815499999998,2024-03-31 00:15:27
420,40.42034166666666,-86.90815499999998,2024-03-31 00:15:28
421,40.42035333333333,-86.90813833333335,2024-03-31 00:15:29
422,40.42037333333333,-86.90813833333335,2024-03-31 00:15:30
423,40.42039833333334,-86.90812166666669,2024-03-31 00:15:31
424,40.42043833333333,-86.90812166666669,2024-03-31 00:15:33
425,40.42045833333333,-86.90812166666669,2024-03-31 00:15:34
426,40.420475,-86.90812166666669,2024-03-31 00:15:35
427,40.420486666666676,-86.908105,2024-03-31 00:15:36
428,40.420503333333336,-86.908105,2024-03-31 00:15:37
429,40.42052,-86.90809,2024-03-31 00:15:38
430,40.42052333333333,-86.90807333333333,2024-03-31 00:15:39
431,40.42052833333333,-86.90807333333333,2024-03-31 00:15:40
432,40.42052833333333,-86.90805666666665,2024-03-31 00:15:41
433,40.42052833333333,-86.90804000000001,2024-03-31 00:15:42
434,40.42052833333333,-86.90802333333333,2024-03-31 00:15:43
435,40.42052333333333,-86.90800833333333,2024-03-31 00:15:44
436,40.42052333333333,-86.90799166666666,2024-03-31 00:15:45
437,40.42052833333333,-86.90797499999998,2024-03-31 00:15:46
438,40.42052833333333,-86.90795833333335,2024-03-31 00:15:48
439,40.42052833333333,-86.90795833333335,2024-03-31 00:15:49
440,40.42053166666667,-86.90794333333332,2024-03-31 00:15:50
441,40.42053666666666,-86.90794333333332,2024-03-31 00:15:51
442,40.42053666666666,-86.90792666666665,2024-03-31 00:15:52
443,40.42053166666667,-86.90790999999999,2024-03-31 00:15:53
444,40.42053166666667,-86.90789333333333,2024-03-31 00:15:54
445,40.42052833333333,-86.90787833333334,2024-03-31 00:15:55
446,40.42052833333333,-86.90786166666668,2024-03-31 00:15:56
447,40.42052833333333,-86.90784500000001,2024-03-31 00:15:57
448,40.42052833333333,-86.90782833333333,2024-03-31 00:15:58
449,40.42052,-86.90779666666667,2024-03-31 00:15:59
450,40.420494999999995,-86.90774666666665,2024-03-31 00:16:00
451,40.420494999999995,-86.90774666666665,2024-03-31 00:16:01
452,40.42049166666666,-86.90773166666668,2024-03-31 00:16:02
453,40.42048333333332,-86.907715,2024-03-31 00:16:03
454,40.42047166666668,-86.90769833333333,2024-03-31 00:16:04
455,40.42045833333333,-86.90766666666664,2024-03-31 00:16:05
456,40.42044666666667,-86.90763333333335,2024-03-31 00:16:06
457,40.42043833333333,-86.90761666666668,2024-03-31 00:16:07
458,40.42043000000001,-86.907585,2024-03-31 00:16:08
459,40.42042166666667,-86.90756833333334,2024-03-31 00:16:09
460,40.420415,-86.90753500000001,2024-03-31 00:16:10
461,40.42041,-86.90751999999999,2024-03-31 00:16:11
462,40.42040166666666,-86.90750333333332,2024-03-31 00:16:12
463,40.42039833333334,-86.90748666666666,2024-03-31 00:16:13
464,40.420390000000005,-86.907455,2024-03-31 00:16:14
465,40.420390000000005,-86.90743833333332,2024-03-31 00:16:15
466,40.420390000000005,-86.90740499999998,2024-03-31 00:16:16
467,40.420385,-86.90737333333333,2024-03-31 00:16:17
468,40.420385,-86.90735666666667,2024-03-31 00:16:18
469,40.42037833333333,-86.90734,2024-03-31 00:16:19
470,40.420370000000005,-86.90732500000001,2024-03-31 00:16:20
471,40.42036166666667,-86.90729166666667,2024-03-31 00:16:21
472,40.42035333333333,-86.90729166666667,2024-03-31 00:16:22
473,40.420345,-86.907275,2024-03-31 00:16:23
474,40.42034166666666,-86.90725833333333,2024-03-31 00:16:24
475,40.42033666666667,-86.90725833333333,2024-03-31 00:16:25
476,40.420320000000004,-86.90724333333334,2024-03-31 00:16:26
477,40.42031333333334,-86.90722666666667,2024-03-31 00:16:27
478,40.420305000000006,-86.90719333333332,2024-03-31 00:16:28
479,40.42029999999999,-86.90717833333333,2024-03-31 00:16:29
480,40.420296666666665,-86.90716166666667,2024-03-31 00:16:30
481,40.42028833333333,-86.90716166666667,2024-03-31 00:16:31
482,40.420280000000005,-86.907145,2024-03-31 00:16:33
483,40.42026833333333,-86.90712833333335,2024-03-31 00:16:34
484,40.42026,-86.90712833333335,2024-03-31 00:16:35
485,40.420251666666665,-86.90711333333331,2024-03-31 00:16:36
486,40.420243333333325,-86.90711333333331,2024-03-31 00:16:37
487,40.420243333333325,-86.90711333333331,2024-03-31 00:16:38
488,40.420231666666666,-86.90709666666669,2024-03-31 00:16:39
489,40.42021833333333,-86.90709666666669,2024-03-31 00:16:40
490,40.42021499999999,-86.90708000000002,2024-03-31 00:16:41
491,40.42020666666667,-86.90706333333334,2024-03-31 00:16:42
492,40.42019,-86.90706333333334,2024-03-31 00:16:43
493,40.42017833333334,-86.90706333333334,2024-03-31 00:16:44
494,40.420161666666665,-86.90706333333334,2024-03-31 00:16:45
495,40.420145000000005,-86.90704833333334,2024-03-31 00:16:46
496,40.42011333333333,-86.90704833333334,2024-03-31 00:16:48
497,40.420105,-86.90704833333334,2024-03-31 00:16:49
498,40.420085,-86.90704833333334,2024-03-31 00:16:50
499,40.42007666666667,-86.90706333333334,2024-03-31 00:16:51
500,40.42007666666667,-86.90708000000002,2024-03-31 00:16:52
501,40.420064999999994,-86.90708000000002,2024-03-31 00:16:53
502,40.42005166666667,-86.90708000000002,2024-03-31 00:16:54
503,40.42004,-86.90709666666669,2024-03-31 00:16:55
504,40.42002333333334,-86.90709666666669,2024-03-31 00:16:56
505,40.42002,-86.90708000000002,2024-03-31 00:16:57
506,40.42001166666667,-86.90709666666669,2024-03-31 00:16:58
507,40.41999500000001,-86.90709666666669,2024-03-31 00:16:59
508,40.419983333333334,-86.90711333333331,2024-03-31 00:17:00
509,40.41997,-86.90711333333331,2024-03-31 00:17:01
510,40.41993833333334,-86.90712833333335,2024-03-31 00:17:03
511,40.41992666666667,-86.907145,2024-03-31 00:17:04
512,40.419913333333334,-86.907145,2024-03-31 00:17:05
513,40.41990166666667,-86.90716166666667,2024-03-31 00:17:06
514,40.419893333333334,-86.90716166666667,2024-03-31 00:17:07
515,40.41987666666666,-86.90717833333333,2024-03-31 00:17:08
516,40.419865,-86.90717833333333,2024-03-31 00:17:09
517,40.41985333333334,-86.90719333333332,2024-03-31 00:17:10
518,40.41983666666667,-86.90719333333332,2024-03-31 00:17:11
519,40.419819999999994,-86.90719333333332,2024-03-31 00:17:12
520,40.419808333333336,-86.90720999999999,2024-03-31 00:17:13
521,40.419795,-86.90720999999999,2024-03-31 00:17:14
522,40.41978,-86.90722666666667,2024-03-31 00:17:15
523,40.41976666666667,-86.90722666666667,2024-03-31 00:17:16
524,40.41975500000001,-86.90724333333334,2024-03-31 00:17:17
525,40.419738333333335,-86.90724333333334,2024-03-31 00:17:18
526,40.41971,-86.90725833333333,2024-03-31 00:17:20
527,40.41969333333333,-86.90725833333333,2024-03-31 00:17:21
528,40.41968166666667,-86.907275,2024-03-31 00:17:22
529,40.419673333333336,-86.907275,2024-03-31 00:17:23
530,40.419669999999996,-86.90729166666667,2024-03-31 00:17:24
531,40.419664999999995,-86.90730833333335,2024-03-31 00:17:25
532,40.41965666666666,-86.90732500000001,2024-03-31 00:17:26
533,40.419645,-86.90732500000001,2024-03-31 00:17:27
534,40.41962833333334,-86.90732500000001,2024-03-31 00:17:28
535,40.41962499999999,-86.90734,2024-03-31 00:17:29
536,40.41961666666667,-86.90734,2024-03-31 00:17:30
537,40.41959666666667,-86.90735666666667,2024-03-31 00:17:31
538,40.419579999999996,-86.90737333333333,2024-03-31 00:17:33
539,40.41956833333334,-86.90737333333333,2024-03-31 00:17:34
540,40.41955166666666,-86.90737333333333,2024-03-31 00:17:35
541,40.41953166666667,-86.90738999999999,2024-03-31 00:17:36
542,40.419515,-86.90738999999999,2024-03-31 00:17:37
543,40.41950666666666,-86.90738999999999,2024-03-31 00:17:38
544,40.419495,-86.90738999999999,2024-03-31 00:17:39
545,40.41948166666666,-86.90740499999998,2024-03-31 00:17:40
546,40.419475000000006,-86.90740499999998,2024-03-31 00:17:41
547,40.41946166666667,-86.90740499999998,2024-03-31 00:17:42
548,40.41945333333333,-86.90742166666665,2024-03-31 00:17:43
549,40.41944166666666,-86.90742166666665,2024-03-31 00:17:44
550,40.419425,-86.90742166666665,2024-03-31 00:17:45
551,40.419401666666666,-86.90742166666665,2024-03-31 00:17:46
552,40.41936,-86.90742166666665,2024-03-31 00:17:48
553,40.41934333333334,-86.90742166666665,2024-03-31 00:17:49
554,40.419320000000006,-86.90743833333332,2024-03-31 00:17:51
555,40.41930333333333,-86.90743833333332,2024-03-31 00:17:52
556,40.41928666666667,-86.90743833333332,2024-03-31 00:17:53
557,40.419271666666674,-86.907455,2024-03-31 00:17:54
558,40.419258333333325,-86.907455,2024-03-31 00:17:55
559,40.419246666666666,-86.90747,2024-03-31 00:17:56
560,40.41923833333333,-86.90748666666666,2024-03-31 00:17:57
561,40.41922666666667,-86.90748666666666,2024-03-31 00:17:58
562,40.41921333333333,-86.90750333333332,2024-03-31 00:17:59
563,40.41920166666666,-86.90750333333332,2024-03-31 00:18:00
564,40.41919,-86.90751999999999,2024-03-31 00:18:01
565,40.419176666666665,-86.90753500000001,2024-03-31 00:18:02
566,40.41916833333333,-86.90755166666668,2024-03-31 00:18:03
567,40.41916499999999,-86.90756833333334,2024-03-31 00:18:04
568,40.419153333333334,-86.907585,2024-03-31 00:18:05
569,40.419136666666674,-86.907585,2024-03-31 00:18:06
570,40.41912833333333,-86.90761666666668,2024-03-31 00:18:07
571,40.419111666666666,-86.90763333333335,2024-03-31 00:18:08
572,40.4191,-86.90765000000002,2024-03-31 00:18:09
573,40.41908333333333,-86.90766666666664,2024-03-31 00:18:10
574,40.41907166666667,-86.90766666666664,2024-03-31 00:18:11
575,40.419035,-86.90769833333333,2024-03-31 00:18:14
576,40.41902333333333,-86.907715,2024-03-31 00:18:15
577,40.41901000000001,-86.907715,2024-03-31 00:18:16
578,40.41899333333333,-86.90773166666668,2024-03-31 00:18:17
579,40.41898166666666,-86.90774666666665,2024-03-31 00:18:18
580,40.41895333333334,-86.90776333333334,2024-03-31 00:18:20
581,40.41893666666667,-86.90776333333334,2024-03-31 00:18:21
582,40.418924999999994,-86.90776333333334,2024-03-31 00:18:22
583,40.41891666666667,-86.90776333333334,2024-03-31 00:18:23
584,40.4189,-86.90776333333334,2024-03-31 00:18:24
585,40.418888333333335,-86.90778,2024-03-31 00:18:25
586,40.41888,-86.90778,2024-03-31 00:18:26
587,40.41886,-86.90779666666667,2024-03-31 00:18:28
588,40.41885166666667,-86.90779666666667,2024-03-31 00:18:29
589,40.418823333333336,-86.90779666666667,2024-03-31 00:18:31
590,40.418795,-86.90781333333335,2024-03-31 00:18:33
591,40.41878666666667,-86.90781333333335,2024-03-31 00:18:34
592,40.418775,-86.90781333333335,2024-03-31 00:18:35
593,40.418753333333335,-86.90782833333333,2024-03-31 00:18:37
594,40.41874166666666,-86.90782833333333,2024-03-31 00:18:38
595,40.418730000000004,-86.90782833333333,2024-03-31 00:18:39
596,40.41871333333333,-86.90784500000001,2024-03-31 00:18:40
597,40.41869666666667,-86.90784500000001,2024-03-31 00:18:41
598,40.418679999999995,-86.90784500000001,2024-03-31 00:18:42
599,40.41865166666666,-86.90786166666668,2024-03-31 00:18:44
600,40.418636666666664,-86.90786166666668,2024-03-31 00:18:45
601,40.418620000000004,-86.90786166666668,2024-03-31 00:18:46
602,40.41860833333333,-86.90787833333334,2024-03-31 00:18:47
603,40.418591666666664,-86.90786166666668,2024-03-31 00:18:48
604,40.41858666666668,-86.90786166666668,2024-03-31 00:18:49
605,40.41858333333332,-86.90787833333334,2024-03-31 00:18:50
606,40.418575000000004,-86.90787833333334,2024-03-31 00:18:51
607,40.41854666666667,-86.90789333333333,2024-03-31 00:18:53
608,40.41853833333333,-86.90790999999999,2024-03-31 00:18:54
609,40.41851833333334,-86.90790999999999,2024-03-31 00:18:55
610,40.418481666666665,-86.90790999999999,2024-03-31 00:18:57
611,40.41843666666667,-86.90792666666665,2024-03-31 00:19:00
612,40.418420000000005,-86.90792666666665,2024-03-31 00:19:01
613,40.41840833333333,-86.90794333333332,2024-03-31 00:19:02
614,40.418396666666666,-86.90794333333332,2024-03-31 00:19:03
615,40.41839166666667,-86.90795833333335,2024-03-31 00:19:04
616,40.41838333333333,-86.90797499999998,2024-03-31 00:19:05
617,40.41837166666667,-86.90797499999998,2024-03-31 00:19:06
618,40.41836333333334,-86.90799166666666,2024-03-31 00:19:07
619,40.418351666666666,-86.90802333333333,2024-03-31 00:19:08
620,40.41834333333334,-86.90805666666665,2024-03-31 00:19:10
621,40.418335000000006,-86.90807333333333,2024-03-31 00:19:11
622,40.418326666666665,-86.90809,2024-03-31 00:19:12
623,40.41832333333333,-86.908105,2024-03-31 00:19:13
624,40.418326666666665,-86.90812166666669,2024-03-31 00:19:14
625,40.418335000000006,-86.90815499999998,2024-03-31 00:19:15
626,40.418335000000006,-86.90817000000001,2024-03-31 00:19:16
627,40.418326666666665,-86.90818666666668,2024-03-31 00:19:17
628,40.418326666666665,-86.90820333333333,2024-03-31 00:19:18
629,40.41832333333333,-86.90823499999999,2024-03-31 00:19:19
630,40.41831833333333,-86.90826833333334,2024-03-31 00:19:20
631,40.41831,-86.908285,2024-03-31 00:19:21
632,40.41830666666666,-86.9083,2024-03-31 00:19:22
633,40.41830166666667,-86.90833333333333,2024-03-31 00:19:23
634,40.41830166666667,-86.90835000000001,2024-03-31 00:19:24
635,40.41829,-86.90838166666667,2024-03-31 00:19:26
636,40.418286666666674,-86.90839833333334,2024-03-31 00:19:27
637,40.418281666666665,-86.90839833333334,2024-03-31 00:19:28
638,40.41827,-86.908415,2024-03-31 00:19:29
639,40.418261666666666,-86.90843166666666,2024-03-31 00:19:30
640,40.41825333333334,-86.90844666666665,2024-03-31 00:19:31
641,40.41824999999999,-86.90844666666665,2024-03-31 00:19:32
642,40.41824166666667,-86.90846333333332,2024-03-31 00:19:33
643,40.418245000000006,-86.90847999999998,2024-03-31 00:19:34
644,40.418245000000006,-86.90849666666666,2024-03-31 00:19:35
645,40.41824999999999,-86.90851166666667,2024-03-31 00:19:36
646,40.41824999999999,-86.90852833333332,2024-03-31 00:19:37
647,40.41825333333334,-86.90856166666666,2024-03-31 00:19:38
648,40.41824999999999,-86.90857666666668,2024-03-31 00:19:39
649,40.418245000000006,-86.90859333333334,2024-03-31 00:19:40
650,40.41824166666667,-86.90862666666666,2024-03-31 00:19:42
651,40.41824999999999,-86.90865833333335,2024-03-31 00:19:43
652,40.41825833333333,-86.90867500000002,2024-03-31 00:19:44
653,40.41825833333333,-86.90870833333331,2024-03-31 00:19:45
654,40.418261666666666,-86.90872333333333,2024-03-31 00:19:46
655,40.41826499999999,-86.90875666666666,2024-03-31 00:19:47
656,40.41827,-86.90877333333334,2024-03-31 00:19:48
657,40.418273333333325,-86.90878833333332,2024-03-31 00:19:49
658,40.41827,-86.908805,2024-03-31 00:19:50
659,40.41826499999999,-86.90882166666667,2024-03-31 00:19:51
660,40.41827,-86.90883833333334,2024-03-31 00:19:52
661,40.41827,-86.90885500000002,2024-03-31 00:19:53
662,40.41826499999999,-86.90885500000002,2024-03-31 00:19:54
663,40.41827,-86.90885500000002,2024-03-31 00:19:55
664,40.41826499999999,-86.90883833333334,2024-03-31 00:19:56
665,40.418261666666666,-86.90883833333334,2024-03-31 00:19:57
666,40.418261666666666,-86.90883833333334,2024-03-31 00:19:58
667,40.41825833333333,-86.90882166666667,2024-03-31 00:19:59
668,40.41825333333334,-86.90882166666667,2024-03-31 00:20:00
